Keyword,Search Volume,Priority
freight factoring,,High
invoice factoring for truckers,,High
truck factoring,,High
factoring for owner operators,,High
same day freight factoring,,High
no credit check factoring,,High
freight factoring for trucking companies,,Medium
same day funding for truckers,,Medium
get paid today factoring,,Medium
bad credit freight factoring,,Medium
instant approval freight factoring,,Medium
fast cash flow trucking companies,,Medium
freight bill factoring,,Low
trucking invoice factoring,,Low
factoring with no minimums,,Low
factoring no hidden fees,,Low
factoring for small fleets,,Low
100% advance factoring,,Low
3% factoring fee,,Low
non-recourse freight factoring,,Low